dataset,zone,n,share_of_points,width_situation,width_garch,caught_situation,caught_garch
OhioT1DM,A,21836,0.6572950844345444,86.70339176326821,96.42049337420866,0.983742443671002,0.9613482322769739
OhioT1DM,B,10039,0.302188374823154,86.48244195811384,104.48516630187257,0.43709532821994224,0.5859149317661122
OhioT1DM,C,122,0.003672375906805936,114.97117439645235,136.60428785652573,0.0,0.13934426229508196
OhioT1DM,D,1214,0.03654315041690497,85.634517845644,105.11776432956636,0.4135090609555189,0.6210873146622735
OhioT1DM,E,10,0.0003010144185906505,97.21387634277343,133.43946867950953,0.0,0.0
AZT1D,A,40777,0.6795147394557483,70.37005297855903,80.32793618217525,0.9794491993035289,0.9598057728621527
AZT1D,B,17773,0.2961722408305421,72.32627711668741,88.77205530456062,0.3467619422719856,0.5459967366229674
AZT1D,C,30,0.0004999250112483127,87.10967203776042,104.87771526924901,0.0,0.03333333333333333
AZT1D,D,1420,0.023663117199086803,76.47395508457238,91.51683969910538,0.223943661971831,0.3908450704225352
AZT1D,E,9,0.00014997750337449384,82.5842997233073,70.8477230103751,0.0,0.0
