subject_id,glucose_sd,glucose_mean,sample_entropy,n_blocks,bits_per_step,forecast_rmse
1,37.27297830792697,141.55229396446077,0.39481233248291836,4,5.9084715376284285,25.286067962646484
2,44.74318239021428,156.55792648866048,0.36333274036177926,4,4.791233025579227,36.72926712036133
3,41.788170198146275,141.22578380907814,0.38467702623559896,4,4.6781857334793875,24.959922790527344
4,54.52959900713391,171.9106862745098,0.3425706267193359,5,4.389904286519527,32.11834716796875
5,44.37980109077824,135.56284040481435,0.3866180917872659,5,4.6433162510169534,26.973817825317383
6,32.57767577280296,142.8610565593087,0.39332805705221524,5,4.031431216297727,24.889728546142578
7,36.96701554428306,142.91436309301457,0.4864943810017418,5,5.012729137660137,27.9748592376709
8,49.45630163899495,159.588893553068,0.31729274079608927,3,3.748146553276034,35.176612854003906
9,66.81613547817783,189.54596556973885,0.30712943339106763,4,6.1808521566201176,33.08367156982422
10,53.35273062454058,160.95002104377105,0.31239244304350056,4,4.308084916232753,31.249099731445312
11,52.83823409450758,169.66956694574245,0.40820454026408637,5,4.569903736669654,33.5253791809082
12,43.925270762944514,136.39881600211078,0.34034333187206267,5,4.213358247998724,26.445579528808594
13,29.01063163597298,133.58955078125,0.4315556719322342,5,3.9737723127694613,20.96714973449707
14,25.45228020391039,104.6259606617168,0.4925523267674092,5,4.135733190601193,32.21022415161133
15,51.386776878872205,136.77561949714078,0.35763862570344396,5,5.16395657825152,38.20219421386719
16,47.84780249671006,149.49622371912636,0.3368131236678391,4,4.524012918009328,25.57488441467285
17,49.294013658115425,150.4494744149147,0.5235441767182396,5,5.439788201115421,44.26536560058594
18,47.77775662690343,152.41260404280618,0.3421148616650781,4,4.209746956295907,34.682125091552734
19,34.46420082965204,131.9203666571183,0.43286560967248233,5,4.351731705264621,26.2930850982666
20,33.88264305717181,133.29611337645295,0.39178813473028606,5,4.497193943433781,27.80901336669922
21,54.784159674422646,158.67443332074046,0.408115115766038,5,5.5119706955437495,45.54608154296875
22,39.50282225494243,140.8060756240822,0.3963877150438906,4,4.678315064432836,30.622859954833984
23,39.21422861866086,139.78120694406172,0.38588049418371584,5,4.690051848458318,32.997955322265625
24,35.29727270856802,136.70477261369317,0.5574827735591027,3,5.162286970676944,30.026655197143555
25,51.13734448660751,161.79633695400972,0.382358051665599,4,4.68175024590117,40.99705505371094
