subject_id,test_days,point_threshold,point_sensitivity,point_onsets,band_level,band_sensitivity,band_onsets
1,7.53125,118.0,0.0,49,0.85,0.5,56
3,7.395833333333333,147.0,0.9545454545454546,64,0.92,0.9545454545454546,85
5,9.038194444444445,120.0,0.9851851851851852,87,0.8,0.9481481481481482,88
6,8.815972222222221,121.0,0.5,25,0.71,0.0,12
7,9.270833333333334,162.0,0.9230769230769231,99,0.99,0.7692307692307693,124
8,5.559027777777778,120.0,0.0,27,0.93,0.0,54
9,7.388888888888889,124.0,0.7692307692307693,20,0.98,0.7692307692307693,47
10,8.225694444444445,125.0,0.5128205128205128,61,0.59,0.2564102564102564,25
11,8.89236111111111,116.0,0.25,12,0.61,0.625,20
12,8.75,129.0,0.8571428571428571,94,0.98,0.8979591836734694,166
13,8.864583333333334,153.0,1.0,72,0.96,1.0,87
14,8.86111111111111,111.0,0.7166666666666667,94,0.94,0.7833333333333333,145
15,9.538194444444445,115.0,0.7931034482758621,66,0.79,0.8078817733990148,88
16,8.48263888888889,111.0,0.0,30,0.77,1.0,29
17,8.729166666666666,128.0,1.0,80,0.95,1.0,131
18,7.277777777777778,125.0,1.0,57,0.93,1.0,115
20,9.23611111111111,121.0,0.8275862068965517,90,0.92,0.896551724137931,131
21,9.166666666666666,161.0,0.9411764705882353,122,0.99,1.0,126
22,7.857638888888889,109.0,0.3902439024390244,47,0.75,0.3902439024390244,38
24,6.923611111111111,136.0,0.7777777777777778,88,0.92,0.6944444444444444,117
25,7.489583333333333,137.0,0.975609756097561,50,0.98,1.0,92
