subject_id,coverage_80,inside_75_85,band_halfwidth
1,0.7934532042415859,True,30.653778076171875
2,0.7274764679515913,False,35.283294677734375
3,0.852112676056338,False,33.84905242919922
4,0.810853322847031,True,39.04573059082031
5,0.8198232808298117,True,36.33216857910156
6,0.7951949586451359,True,28.760635375976562
7,0.8573033707865169,False,38.24378967285156
8,0.7607745159275453,True,39.40559387207031
9,0.7918233082706767,True,41.43461608886719
10,0.8079358379062895,True,34.948760986328125
11,0.8465443186255369,True,47.971282958984375
12,0.7793650793650794,True,30.07398223876953
13,0.8229533881707795,True,24.808090209960938
14,0.6884796238244514,False,32.067169189453125
15,0.6865671641791045,False,34.38816833496094
16,0.8677855096193205,False,36.5537109375
17,0.6455847255369929,False,35.761444091796875
18,0.7533396946564885,True,36.29100799560547
19,0.7556491765607047,True,25.228927612304688
20,0.7612781954887218,True,30.395660400390625
21,0.7363636363636363,False,49.474761962890625
22,0.7463543968183827,False,33.47746276855469
23,0.8069981583793738,True,41.277008056640625
24,0.7908726178535607,True,37.463890075683594
25,0.7779323133982383,True,46.54962158203125
