cell,n_test,coverage_situation,coverage_garch,level,trend
0,99,0.98989898989899,0.9292929292929293,under 70,fast fall
1,269,0.8438661710037175,0.8921933085501859,under 70,slow fall
2,527,0.8064516129032258,0.857685009487666,under 70,flat
3,52,0.8076923076923077,0.75,under 70,slow rise
5,603,0.8640132669983416,0.9253731343283582,70 to 120,fast fall
6,1893,0.7923930269413629,0.9064976228209192,70 to 120,slow fall
7,4076,0.7674190382728164,0.8743866535819431,70 to 120,flat
8,1070,0.7822429906542057,0.7345794392523365,70 to 120,slow rise
9,234,0.8547008547008547,0.6025641025641025,70 to 120,fast rise
10,1025,0.8312195121951219,0.864390243902439,120 to 180,fast fall
11,2859,0.7796432318992654,0.8583420776495279,120 to 180,slow fall
12,4928,0.7617694805194806,0.8441558441558441,120 to 180,flat
13,2282,0.7721297107800176,0.7765118317265557,120 to 180,slow rise
14,1109,0.7871956717763751,0.7899008115419297,120 to 180,fast rise
15,670,0.8477611940298507,0.755223880597015,180 to 250,fast fall
16,1578,0.802915082382763,0.7832699619771863,180 to 250,slow fall
17,3456,0.8000578703703703,0.8098958333333334,180 to 250,flat
18,1996,0.7955911823647295,0.8186372745490982,180 to 250,slow rise
19,1278,0.7793427230046949,0.8302034428794992,180 to 250,fast rise
20,168,0.9107142857142857,0.6547619047619048,250 and over,fast fall
21,579,0.853195164075993,0.7633851468048359,250 and over,slow fall
22,1102,0.8838475499092558,0.8103448275862069,250 and over,flat
23,711,0.8326300984528833,0.8748241912798875,250 and over,slow rise
24,657,0.832572298325723,0.9223744292237442,250 and over,fast rise
