subject_id,coverage_error_situation,coverage_error_garch,mean_width_situation,mean_width_garch
540,0.0914727759596059,0.07903724335148614,90.65561240832977,105.48327583966065
544,0.08736262627760276,0.09426149612404588,83.65577733879563,91.53235844793838
552,0.11174606659298811,0.08642097245896024,81.50661684482584,96.71972450321374
559,0.06441271455243519,0.08138563093569659,87.2973488328147,105.87074879063535
563,0.0843646432104532,0.08448742182800748,84.09929972358485,91.69013550603235
567,0.05909717685422265,0.08372358026957477,88.29818000187032,106.16046142436402
570,0.09741073855988777,0.06878322970049433,97.25114273728899,78.4880051714467
575,0.07108447849490958,0.08364474783001126,88.49756218094105,105.95587680914042
584,0.08841865121440022,0.09150470428806526,89.50170570136085,127.86551916879993
588,0.046325284933543494,0.0948001435854457,84.66585501868758,88.1144896464137
591,0.058657026160409576,0.07613347168134918,85.59754817909236,100.41503068681143
596,0.1326728885387492,0.1465740784759461,82.18636667127332,92.26463811052957
