subject_id,rmse_val,rmse_test1,rmse_test2,rmse_test,sd_val,sd_test,ratio,sd_ratio
1,27.46366709956912,26.788116701619717,23.690488017711004,25.28606660381083,37.86865058779426,32.73097442040358,0.9207097694614697,0.8643290403105452
2,29.956120546628632,38.13523850481268,35.26862747599083,36.729267507400884,39.79696741716766,41.919067022029395,1.226102273497979,1.053323148535843
3,27.8424066148046,29.093483567464595,19.989113679547806,24.959922393551405,39.1913564005877,36.80473247208118,0.8964714415268795,0.9391033087981937
4,34.43646405995137,31.420253021708636,32.8010560316432,32.11834715352397,56.22575051921955,47.02662447121262,0.9326842354548445,0.8363894485523602
5,28.43110387538392,25.657436620016462,28.227934466261008,26.973816477070383,49.099943669656255,40.26695179398125,0.9487432002393943,0.8201017920691874
6,24.513214914596368,23.194037537847546,26.475832017083526,24.889729400799027,31.080537501661006,33.188764826359524,1.0153596534568978,1.0678311089242214
7,31.081589796173844,24.63042959369758,30.960095328277845,27.974859827228315,40.959261344592804,34.527244521685546,0.9000459761125871,0.842965507390519
8,31.892259579175622,34.04825203239185,36.268544021834145,35.176613455278066,45.94572262905064,52.49327763504817,1.1029827901641374,1.142506301595475
9,39.765758314853144,30.366534452912642,35.59399106635394,33.08367131011622,70.38003710495433,69.13267834521649,0.8319637978023657,0.982276810143227
10,29.01026025602263,34.69051218799817,27.381971267593354,31.24909989218917,49.76141793449629,39.38247261646333,1.077174062431989,0.791425852621496
11,36.31518725248886,35.5409906796439,31.382295876528584,33.52537724771261,54.39614998384267,43.085958186936594,0.9231778708621404,0.7920773473809166
12,26.785989130284587,22.954904111552604,29.52642362994822,26.445579168792456,33.92941806225194,36.01199407702423,0.9872914918379004,1.061379656171859
13,21.016512984561402,20.539373225115572,21.386045586216664,20.967149333747777,29.901581054213207,26.83349351438383,0.9976511969016988,0.8973938022117705
14,26.141499575610613,31.969885280673157,32.44878236584338,32.21022385738161,27.321219917646474,31.057301662835904,1.2321490496066632,1.1367465199742541
15,29.402422109636337,35.70353978150077,40.545502930847974,38.20219208507128,37.61393813440068,59.46933597321378,1.2992872472418153,1.5810451902356046
16,31.46516327998064,24.668320497661043,26.44968916964909,25.57488384331985,47.46372786067543,38.563543711072505,0.8127999723297665,0.8124845107883554
17,30.532729026704924,48.07755064200753,40.09231616618684,44.26536282074442,43.61665480982872,60.01503481117033,1.4497676503803012,1.3759660174041213
18,29.70297189498325,38.89200733441307,29.88496874059481,34.6821250151023,44.09570657472223,54.15652640248166,1.1676314793591418,1.2281587167837056
19,23.113246311455015,27.34193369450283,25.201476323321597,26.293085333938844,29.790142727886824,34.309828348343245,1.1375764779916653,1.1517174879536747
20,25.58424325446463,25.877529787916085,29.61479036682901,27.80901253546872,33.90156384714132,33.634648509965764,1.0869585728558084,0.9921267544359001
21,41.41106462232194,51.538190910438054,38.63555623295295,45.54608285983784,60.70855342005935,57.79991922868853,1.0998529807245523,0.9520885603838198
22,27.736830099811105,31.19712199470855,30.038143822891012,30.622860283647256,37.512881769437314,42.90716980877841,1.1040504691217692,1.1437982843465777
23,35.94349553217415,30.827244834822377,35.032971334933265,32.997955442576874,46.579686887253786,41.018157280513165,0.9180508170953872,0.880601824992892
24,29.18334732066415,30.142191363644336,29.910674011156754,30.02665582448571,34.397277747855064,39.93315412195213,1.0288969080398955,1.1609393747574186
25,38.08535927410183,39.67922250351412,42.27265681141048,40.99705322279024,58.10120819699751,61.262348301855,1.0764517915593979,1.0544074762462659
