dataset,method,level,caught,width,interval_score
ohiot1dm,GARCH,0.5,0.5741850034616658,53.02918986372281,91.78033465899419
ohiot1dm,GARCH,0.6,0.670058095782788,65.98429095676954,103.22158390230925
ohiot1dm,GARCH,0.7,0.7578640016856808,80.90607915484675,117.74031218908969
ohiot1dm,GARCH,0.8,0.8321543601938532,99.33408270446718,137.80062260583057
ohiot1dm,GARCH,0.85,0.8622558020529183,110.93491283332973,151.63963367821668
ohiot1dm,GARCH,0.9,0.8979260106559104,125.56768480567742,170.76913028492356
ohiot1dm,GARCH,0.95,0.9360043346076277,146.9690762908161,204.93749439622104
ohiot1dm,plain conformal,0.5,0.48914843020980703,41.624237060546875,90.40114781203525
ohiot1dm,plain conformal,0.6,0.589055115740044,52.95846668609824,100.90436720179929
ohiot1dm,plain conformal,0.7,0.6960958429908792,67.23216587173555,114.20670713328207
ohiot1dm,plain conformal,0.8,0.804701845218386,87.37012066908156,132.87554458136347
ohiot1dm,plain conformal,0.85,0.8577104843321995,101.42731572239573,146.19066627895685
ohiot1dm,plain conformal,0.9,0.9093344571204961,121.32835674495449,165.07184487839436
ohiot1dm,plain conformal,0.95,0.9600252852111616,156.8480833674865,197.22524578055095
ohiot1dm,CQR,0.5,0.501189006953433,43.496531433998555,88.14072983189784
ohiot1dm,CQR,0.6,0.5973029108094278,54.952027702342924,98.88668416436958
ohiot1dm,CQR,0.7,0.7052767827578941,69.35861194790913,111.36212526907825
ohiot1dm,CQR,0.8,0.8052436711718491,88.3952496788341,129.653529587455
ohiot1dm,CQR,0.85,0.8582222088438036,101.66670517252233,140.68780141242888
ohiot1dm,CQR,0.9,0.9098461816321002,120.16139360754093,158.8285019079359
ohiot1dm,CQR,0.95,0.9571355467926914,150.59586461136726,189.03013473395427
ohiot1dm,situation (Mondrian),0.5,0.49050299509346496,43.215692781202804,89.97963277105356
ohiot1dm,situation (Mondrian),0.6,0.5862255802052918,54.28634242713496,100.21441376916528
ohiot1dm,situation (Mondrian),0.7,0.6855904397820656,67.63068200725115,113.04187623399253
ohiot1dm,situation (Mondrian),0.8,0.7938051232654044,86.7045370116684,130.76588099568582
ohiot1dm,situation (Mondrian),0.85,0.8501550224255742,100.27243204909995,143.24076346317239
ohiot1dm,situation (Mondrian),0.9,0.9038559947021463,119.00109038082115,160.90379798732764
ohiot1dm,situation (Mondrian),0.95,0.9535233737696036,148.96194308708593,191.3820670444707
ohiot1dm,situation x GARCH,0.5,0.49872068872098974,44.67307643256818,90.56426065560727
ohiot1dm,situation x GARCH,0.6,0.5995304175069985,56.68163906039824,101.52191023033616
ohiot1dm,situation x GARCH,0.7,0.6914903223864423,70.0930968986783,115.324293718782
ohiot1dm,situation x GARCH,0.8,0.7947081665211764,89.16415812813736,135.00245531500505
ohiot1dm,situation x GARCH,0.85,0.8443755455886337,102.78407268273396,149.23489419513416
ohiot1dm,situation x GARCH,0.9,0.8934107943770506,122.31240629198014,168.99229906446178
ohiot1dm,situation x GARCH,0.95,0.9498810993046567,156.6308856890145,201.85593772171643
azt1d,GARCH,0.5,0.5649819193787599,43.98745483650273,78.53150939994826
azt1d,GARCH,0.6,0.6607008948657701,54.850179533848724,88.17287947530261
azt1d,GARCH,0.7,0.7477378393241014,67.44294132685546,100.42687309955934
azt1d,GARCH,0.8,0.8231765235214717,83.10446542962583,117.47561555586333
azt1d,GARCH,0.85,0.8591211318302254,93.05494084606217,129.4850347887059
azt1d,GARCH,0.9,0.8943825092902731,105.75777288048323,146.56604559227134
azt1d,GARCH,0.95,0.9310436767818161,124.60419641203133,177.4474468604697
azt1d,plain conformal,0.5,0.4814944425002916,34.731475830078125,78.67720162105078
azt1d,plain conformal,0.6,0.5779633055041744,43.94158935546875,88.0863410271937
azt1d,plain conformal,0.7,0.6774817110766719,55.7342529296875,100.0636056816548
azt1d,plain conformal,0.8,0.777566698328584,71.8636461839684,116.61547501463953
azt1d,plain conformal,0.85,0.8325084570647736,83.321710781545,128.17034926183496
azt1d,plain conformal,0.9,0.889466580012998,99.83933608689165,144.40057457084765
azt1d,plain conformal,0.95,0.9447082937559366,126.99381258213998,172.06564726846452
azt1d,CQR,0.5,0.49525904447666186,36.19058188471627,76.04682602961138
azt1d,CQR,0.6,0.5913113033045043,45.39843906798158,84.6757123523589
azt1d,CQR,0.7,0.6860137646019764,56.64999038405203,95.73894160762505
azt1d,CQR,0.8,0.7858154610141812,72.17952691685066,111.00171361515935
azt1d,CQR,0.85,0.8360745888116783,82.97604556352519,121.68923462381156
azt1d,CQR,0.9,0.8921995034078222,98.71656813329868,136.204259894394
azt1d,CQR,0.95,0.942208668699695,121.8086399308268,160.54996206169272
azt1d,situation (Mondrian),0.5,0.4818277258411238,35.87461063579721,77.84880224916132
azt1d,situation (Mondrian),0.6,0.5765135229715542,45.011141660405805,86.77289231581693
azt1d,situation (Mondrian),0.7,0.6737322734923095,56.10690947868948,98.0081483271504
azt1d,situation (Mondrian),0.8,0.7735506340715559,71.1040700325005,113.5030151191992
azt1d,situation (Mondrian),0.85,0.8255761635754637,81.17612992053877,124.35251733283572
azt1d,situation (Mondrian),0.9,0.8800013331333634,95.88064054452806,139.29008079246182
azt1d,situation (Mondrian),0.95,0.9405589161625756,120.73463112498763,164.10287845390795
azt1d,situation x GARCH,0.5,0.4908930327117599,37.09424905655886,77.63469141866808
azt1d,situation x GARCH,0.6,0.5905614157876319,46.763906268069555,86.82481533367945
azt1d,situation x GARCH,0.7,0.691629588894999,58.82735138849366,98.7138994494025
azt1d,situation x GARCH,0.8,0.79604725957773,76.2070429804684,115.67393986789725
azt1d,situation x GARCH,0.85,0.8450565748471063,88.20619637284413,127.83759375039013
azt1d,situation x GARCH,0.9,0.8986985285540502,106.00009913627284,144.95791217092352
azt1d,situation x GARCH,0.95,0.949524238030962,135.14350763317017,174.00556127495665
