dataset,method,zone,n,caught,width
OhioT1DM,GARCH,A,21836,0.9613482322769739,96.42049337420866
OhioT1DM,GARCH,B,10039,0.5859149317661122,104.48516630187257
OhioT1DM,GARCH,D,1214,0.6210873146622735,105.11776432956636
OhioT1DM,situation,A,21836,0.983742443671002,86.70339176326821
OhioT1DM,situation,B,10039,0.43709532821994224,86.48244195811384
OhioT1DM,situation,D,1214,0.4135090609555189,85.634517845644
OhioT1DM,situation x GARCH,A,21836,0.9407858582157904,86.69747148594529
OhioT1DM,situation x GARCH,B,10039,0.517581432413587,93.67945166107492
OhioT1DM,situation x GARCH,D,1214,0.5420098846787479,92.12109143335645
AZT1D,GARCH,A,40777,0.9598057728621527,80.32793618217525
AZT1D,GARCH,B,17773,0.5459967366229674,88.77205530456062
AZT1D,GARCH,D,1420,0.3908450704225352,91.51683969910538
AZT1D,situation,A,40777,0.9794491993035289,70.37005297855903
AZT1D,situation,B,17773,0.3467619422719856,72.32627711668741
AZT1D,situation,D,1420,0.223943661971831,76.47395508457238
AZT1D,situation x GARCH,A,40777,0.9451651666380557,73.47398367916158
AZT1D,situation x GARCH,B,17773,0.4921510155854386,81.78670794795727
AZT1D,situation x GARCH,D,1420,0.33943661971830985,84.5851516260886
