subject_id,pc1,pc2,forecast_rmse,glucose_mean,glucose_sd,days
1,0.42892802,0.020609027,53.21775817871094,193.595947265625,60.27961349487305,14.222222222222221
2,-0.49966073,-0.11782422,38.5264892578125,109.3243408203125,58.77641677856445,11.04513888888889
3,-0.15949911,-0.0023192908,38.694732666015625,141.44735717773438,64.788330078125,13.090277777777779
4,0.7101174,-0.044039506,48.887962341308594,221.57962036132812,76.31425476074219,11.055555555555555
5,0.036603477,-0.03191266,28.743839263916016,158.1387939453125,43.1627197265625,13.395833333333334
6,0.560745,-0.061093148,82.33365631103516,205.8843231201172,102.11967468261719,7.951388888888889
7,-0.13552304,-0.07208754,53.729671478271484,146.22178649902344,67.3935317993164,13.39236111111111
9,0.13276915,-0.11939535,19.4009952545166,171.44276428222656,52.86285400390625,13.23611111111111
10,-0.22088848,-0.030821739,41.77861785888672,134.787353515625,50.28317642211914,10.333333333333334
11,0.078759715,0.15536788,44.854488372802734,155.94284057617188,63.431312561035156,13.32986111111111
14,0.3818321,0.16967037,39.0966911315918,189.40924072265625,73.76819610595703,13.29513888888889
15,0.2251305,0.1606931,37.23577880859375,174.12432861328125,60.25096130371094,13.166666666666666
16,-0.11543798,-0.040854074,36.593013763427734,143.76235961914062,65.8904037475586,13.315972222222221
17,0.59586626,-0.022577453,38.4182243347168,211.91830444335938,66.21549987792969,12.496527777777779
18,-0.5190458,0.16030958,40.55894088745117,99.78670501708984,54.73283004760742,13.524305555555555
19,-0.03578677,0.009811542,58.15716552734375,149.85665893554688,54.571781158447266,12.885416666666666
20,0.65747625,-0.082552575,52.51617431640625,221.6595916748047,90.22040557861328,9.9375
21,-0.009021994,0.110580295,43.71014404296875,152.82901000976562,45.05457305908203,8.135416666666666
22,-0.58826596,-0.24632925,23.63357925415039,106.16541290283203,35.589317321777344,13.96875
23,-0.45126423,0.051138796,26.456375122070312,111.7854995727539,34.72911834716797,13.60763888888889
24,-0.22376864,-0.0517118,44.40168762207031,134.5853729248047,52.769996643066406,10.07638888888889
25,-0.55629086,-0.13201833,29.78590202331543,105.36100769042969,38.1553955078125,13.909722222222221
26,0.04028851,0.013884561,35.32992172241211,160.53912353515625,62.691627502441406,140.98958333333334
27,-0.31464946,0.043792848,23.225791931152344,125.62373352050781,45.37077713012695,573.9791666666666
28,-0.019410692,0.15968977,32.36606979370117,146.94541931152344,39.50102233886719,89.9375
