subject_id,fraction,seed,n_train,n_test,sse,rmse
1,0.1,0,694,2169,1586305.25,27.04354476928711
1,0.1,1,694,2169,1559857.0,26.817150115966797
1,0.2,0,1388,2169,1368362.5,25.117176055908203
1,0.2,1,1388,2169,1529668.625,26.556381225585938
1,0.35,0,2430,2169,1264490.5,24.145044326782227
1,0.35,1,2430,2169,1470320.125,26.036115646362305
1,0.6,0,4165,2169,1327436.0,24.73870849609375
1,0.6,1,4165,2169,1460078.0,25.945274353027344
1,1.0,0,6942,2169,1414939.75,25.54107666015625
1,1.0,1,6942,2169,1346182.75,24.912782669067383
2,0.1,0,714,2231,3081907.25,37.167213439941406
2,0.1,1,714,2231,3051300.5,36.98219680786133
2,0.2,0,1428,2231,2961738.0,36.43539810180664
2,0.2,1,1428,2231,2876502.0,35.907283782958984
2,0.35,0,2498,2231,2874446.25,35.89445114135742
2,0.35,1,2498,2231,2844221.25,35.70523452758789
2,0.6,0,4283,2231,2902714.5,36.070518493652344
2,0.6,1,4283,2231,2705997.0,34.82682418823242
2,1.0,0,7138,2231,2850252.25,35.743072509765625
2,1.0,1,7138,2231,2900868.5,36.059043884277344
3,0.1,0,682,2130,1439672.875,25.998130798339844
3,0.1,1,682,2130,1524843.25,26.756099700927734
3,0.2,0,1363,2130,1352065.75,25.19469451904297
3,0.2,1,1363,2130,1406497.875,25.696840286254883
3,0.35,0,2386,2130,1354099.625,25.213638305664062
3,0.35,1,2386,2130,1497492.5,26.51505470275879
3,0.6,0,4090,2130,1411193.75,25.739702224731445
3,0.6,1,4090,2130,1376094.0,25.417583465576172
3,1.0,0,6816,2130,1458129.125,26.164243698120117
3,1.0,1,6816,2130,1299237.5,24.69758415222168
4,0.1,0,814,2543,2686419.75,32.50227355957031
4,0.1,1,814,2543,3634142.0,37.803131103515625
4,0.2,0,1628,2543,2634149.5,32.18452072143555
4,0.2,1,1628,2543,2809586.0,33.2390022277832
4,0.35,0,2848,2543,2452348.0,31.05402374267578
4,0.35,1,2848,2543,2668246.5,32.39215087890625
4,0.6,0,4883,2543,2655379.25,32.3139533996582
4,0.6,1,4883,2543,2677320.5,32.447181701660156
4,1.0,0,8138,2543,2502858.25,31.3721981048584
4,1.0,1,8138,2543,2716647.0,32.68461990356445
5,0.1,0,833,2603,2426870.5,30.534175872802734
5,0.1,1,833,2603,2451299.5,30.687471389770508
5,0.2,0,1666,2603,2193649.0,29.02996253967285
5,0.2,1,1666,2603,2075780.5,28.239280700683594
5,0.35,0,2916,2603,1966799.0,27.48798370361328
5,0.35,1,2916,2603,1978262.25,27.567974090576172
5,0.6,0,4999,2603,2030086.75,27.926738739013672
5,0.6,1,4999,2603,1971706.5,27.52225685119629
5,1.0,0,8331,2603,2118818.0,28.5305233001709
5,1.0,1,8331,2603,1983606.25,27.60518455505371
6,0.1,0,812,2539,1738587.125,26.16777992248535
6,0.1,1,812,2539,1709010.0,25.94424057006836
6,0.2,0,1625,2539,1618331.25,25.24656867980957
6,0.2,1,1625,2539,1630117.75,25.33833885192871
6,0.35,0,2844,2539,1601665.75,25.11623764038086
6,0.35,1,2844,2539,1554920.0,24.747005462646484
6,0.6,0,4875,2539,1664487.75,25.604066848754883
6,0.6,1,4875,2539,1650144.75,25.493513107299805
6,1.0,0,8125,2539,1527019.25,24.523977279663086
6,1.0,1,8125,2539,1557615.25,24.76844596862793
7,0.1,0,854,2670,2362491.0,29.74605941772461
7,0.1,1,854,2670,2332506.5,29.556690216064453
7,0.2,0,1709,2670,2560654.75,30.96847915649414
7,0.2,1,1709,2670,2439492.25,30.226932525634766
7,0.35,0,2990,2670,2325478.25,29.512126922607422
7,0.35,1,2990,2670,2420893.25,30.111486434936523
7,0.6,0,5126,2670,2153545.0,28.400196075439453
7,0.6,1,5126,2670,2311104.5,29.420778274536133
7,1.0,0,8544,2670,2274584.5,29.18739891052246
7,1.0,1,8544,2670,2136763.0,28.289321899414062
8,0.1,0,512,1601,2094658.25,36.17103576660156
8,0.1,1,512,1601,2551588.5,39.921756744384766
8,0.2,0,1025,1601,2172663.0,36.83837890625
8,0.2,1,1025,1601,2322977.0,38.09138488769531
8,0.35,0,1793,1601,2146957.75,36.61981201171875
8,0.35,1,1793,1601,2072839.5,35.982154846191406
8,0.6,0,3074,1601,2144382.5,36.59783935546875
8,0.6,1,3074,1601,2049290.5,35.77717971801758
8,1.0,0,5123,1601,2004916.125,35.3877067565918
8,1.0,1,5123,1601,2008014.0,35.415035247802734
9,0.1,0,681,2128,2819370.5,36.399070739746094
9,0.1,1,681,2128,2998294.5,37.53628921508789
9,0.2,0,1362,2128,2410568.0,33.656883239746094
9,0.2,1,1362,2128,2432096.75,33.80684280395508
9,0.35,0,2383,2128,2420714.0,33.727638244628906
9,0.35,1,2383,2128,2302312.0,32.8924560546875
9,0.6,0,4085,2128,2229965.0,32.37152862548828
9,0.6,1,4085,2128,2154054.5,31.815776824951172
9,1.0,0,6809,2128,2319220.5,33.01301574707031
9,1.0,1,6809,2128,2100739.5,31.419574737548828
10,0.1,0,758,2369,2807707.0,34.426536560058594
10,0.1,1,758,2369,2956771.25,35.328590393066406
10,0.2,0,1516,2369,2436728.0,32.071624755859375
10,0.2,1,1516,2369,2666549.25,33.54998016357422
10,0.35,0,2654,2369,2448280.25,32.147560119628906
10,0.35,1,2654,2369,2706953.5,33.80320358276367
10,0.6,0,4549,2369,2362983.5,31.582595825195312
10,0.6,1,4549,2369,2537943.5,32.73093795776367
10,1.0,0,7582,2369,2570031.5,32.93720245361328
10,1.0,1,7582,2369,2547941.5,32.795345306396484
11,0.1,0,820,2561,3542924.0,37.194278717041016
11,0.1,1,820,2561,3599780.0,37.49153137207031
11,0.2,0,1639,2561,3187561.5,35.279666900634766
11,0.2,1,1639,2561,3322525.5,36.0188102722168
11,0.35,0,2869,2561,3351724.5,36.176734924316406
11,0.35,1,2869,2561,2961703.5,34.00682067871094
11,0.6,0,4918,2561,3125440.0,34.934200286865234
11,0.6,1,4918,2561,3078467.0,34.67068862915039
11,1.0,0,8196,2561,3440971.0,36.65521240234375
11,1.0,1,8196,2561,3043136.75,34.47116470336914
12,0.1,0,806,2520,2094730.75,28.831274032592773
12,0.1,1,806,2520,2539458.0,31.74462890625
12,0.2,0,1613,2520,1777712.875,26.560150146484375
12,0.2,1,1613,2520,1892137.25,27.401607513427734
12,0.35,0,2822,2520,2065812.0,28.631567001342773
12,0.35,1,2822,2520,2053855.875,28.548593521118164
12,0.6,0,4838,2520,1774187.75,26.533803939819336
12,0.6,1,4838,2520,1799658.875,26.723590850830078
12,1.0,0,8063,2520,2034802.25,28.415861129760742
12,1.0,1,8063,2520,1893416.0,27.410865783691406
13,0.1,0,817,2553,1213440.5,21.801372528076172
13,0.1,1,817,2553,1213649.875,21.803253173828125
13,0.2,0,1634,2553,1223496.0,21.891517639160156
13,0.2,1,1634,2553,1199197.875,21.673049926757812
13,0.35,0,2860,2553,1116206.5,20.90965461730957
13,0.35,1,2860,2553,1099489.875,20.75248908996582
13,0.6,0,4902,2553,1114295.375,20.891746520996094
13,0.6,1,4902,2553,1148836.875,21.213083267211914
13,1.0,0,8170,2553,1074136.25,20.511823654174805
13,1.0,1,8170,2553,1112204.25,20.872135162353516
14,0.1,0,817,2552,2697277.0,32.51041030883789
14,0.1,1,817,2552,2366435.5,30.45138168334961
14,0.2,0,1633,2552,2541787.5,31.559438705444336
14,0.2,1,1633,2552,2656748.0,32.265235900878906
14,0.35,0,2858,2552,2573074.0,31.753076553344727
14,0.35,1,2858,2552,2508142.0,31.349868774414062
14,0.6,0,4900,2552,2492240.0,31.250329971313477
14,0.6,1,4900,2552,2659799.75,32.28376388549805
14,1.0,0,8166,2552,2483177.0,31.193456649780273
14,1.0,1,8166,2552,2598860.5,31.911788940429688
15,0.1,0,879,2747,4160567.5,38.91768264770508
15,0.1,1,879,2747,4322076.0,39.66585922241211
15,0.2,0,1758,2747,3863385.75,37.50202560424805
15,0.2,1,1758,2747,4559062.0,40.73881912231445
15,0.35,0,3077,2747,4315504.0,39.63569259643555
15,0.35,1,3077,2747,3951426.5,37.92692184448242
15,0.6,0,5275,2747,4088462.5,38.578975677490234
15,0.6,1,5275,2747,4373138.5,39.89948272705078
15,1.0,0,8792,2747,4729990.0,41.495479583740234
15,1.0,1,8792,2747,4294076.0,39.537166595458984
16,0.1,0,782,2443,1900019.75,27.887996673583984
16,0.1,1,782,2443,1768988.75,26.90920066833496
16,0.2,0,1563,2443,1686560.0,26.274784088134766
16,0.2,1,1563,2443,1636251.75,25.87994384765625
16,0.35,0,2736,2443,1729045.125,26.603662490844727
16,0.35,1,2736,2443,1629706.0,25.828126907348633
16,0.6,0,4690,2443,1682465.0,26.242868423461914
16,0.6,1,4690,2443,1633308.25,25.85665512084961
16,1.0,0,7816,2443,1498113.0,24.763416290283203
16,1.0,1,7816,2443,1628281.5,25.816835403442383
17,0.1,0,804,2514,5600772.0,47.19992446899414
17,0.1,1,804,2514,5129098.0,45.16872787475586
17,0.2,0,1609,2514,6328361.5,50.172183990478516
17,0.2,1,1609,2514,5248417.0,45.69108963012695
17,0.35,0,2816,2514,5011327.0,44.64714813232422
17,0.35,1,2816,2514,5437895.0,46.508544921875
17,0.6,0,4827,2514,4941775.0,44.336238861083984
17,0.6,1,4827,2514,5382001.0,46.26890563964844
17,1.0,0,8045,2514,5149591.0,45.258872985839844
17,1.0,1,8045,2514,4459773.0,42.11858367919922
18,0.1,0,671,2096,3039261.25,38.07925033569336
18,0.1,1,671,2096,3160284.5,38.83000564575195
18,0.2,0,1341,2096,2910911.5,37.26652145385742
18,0.2,1,1341,2096,2514599.5,34.636878967285156
18,0.35,0,2347,2096,2594453.75,35.182552337646484
18,0.35,1,2347,2096,2450427.5,34.19206237792969
18,0.6,0,4024,2096,2338883.5,33.404781341552734
18,0.6,1,4024,2096,2277826.25,32.965877532958984
18,1.0,0,6706,2096,2312249.75,33.21404266357422
18,1.0,1,6706,2096,2521210.25,34.68238067626953
19,0.1,0,836,2611,1994184.5,27.63625717163086
19,0.1,1,836,2611,1879548.25,26.830162048339844
19,0.2,0,1671,2611,2038176.0,27.939420700073242
19,0.2,1,1671,2611,1889729.75,26.902732849121094
19,0.35,0,2925,2611,1868917.25,26.75417709350586
19,0.35,1,2925,2611,1914727.5,27.080087661743164
19,0.6,0,5014,2611,2070605.125,28.16081428527832
19,0.6,1,5014,2611,1842328.0,26.56317901611328
19,1.0,0,8357,2611,1960383.875,27.401044845581055
19,1.0,1,8357,2611,1890593.5,26.90888214111328
20,0.1,0,851,2660,2450813.5,30.3538875579834
20,0.1,1,851,2660,2016653.625,27.53434944152832
20,0.2,0,1703,2660,2201133.5,28.766191482543945
20,0.2,1,1703,2660,2111271.25,28.172876358032227
20,0.35,0,2980,2660,2083534.75,27.987207412719727
20,0.35,1,2980,2660,2066149.75,27.87019920349121
20,0.6,0,5108,2660,2056176.25,27.802852630615234
20,0.6,1,5108,2660,2066638.875,27.873497009277344
20,1.0,0,8513,2660,2170007.0,28.562074661254883
20,1.0,1,8513,2660,1917628.125,26.849821090698242
21,0.1,0,845,2640,7554490.0,53.49345016479492
21,0.1,1,845,2640,5871733.5,47.160804748535156
21,0.2,0,1690,2640,4731913.5,42.33664321899414
21,0.2,1,1690,2640,5415012.5,45.28952407836914
21,0.35,0,2957,2640,5491076.0,45.606502532958984
21,0.35,1,2957,2640,5355453.0,45.03976821899414
21,0.6,0,5069,2640,4577376.0,41.63957977294922
21,0.6,1,5069,2640,4838774.5,42.81201934814453
21,1.0,0,8449,2640,8224778.0,55.81618118286133
21,1.0,1,8449,2640,5672853.0,46.3552360534668
22,0.1,0,724,2263,2235157.5,31.427640914916992
22,0.1,1,724,2263,2247057.5,31.51119041442871
22,0.2,0,1448,2263,2214295.0,31.280628204345703
22,0.2,1,1448,2263,2146001.5,30.794469833374023
22,0.35,0,2535,2263,2207547.5,31.23293113708496
22,0.35,1,2535,2263,2170407.25,30.96908187866211
22,0.6,0,4345,2263,2268433.0,31.66071319580078
22,0.6,1,4345,2263,2081223.375,30.326135635375977
22,1.0,0,7242,2263,2172402.0,30.98331069946289
22,1.0,1,7242,2263,2147461.0,30.80493927001953
23,0.1,0,869,2715,3271860.75,34.71462631225586
23,0.1,1,869,2715,3286938.75,34.79452133178711
23,0.2,0,1737,2715,3010783.5,33.30081558227539
23,0.2,1,1737,2715,3180833.5,34.22831726074219
23,0.35,0,3040,2715,3259172.25,34.647247314453125
23,0.35,1,3040,2715,3132591.0,33.9677619934082
23,0.6,0,5212,2715,3062394.75,33.585025787353516
23,0.6,1,5212,2715,3026361.25,33.3868522644043
23,1.0,0,8687,2715,2994454.0,33.210384368896484
23,1.0,1,8687,2715,3088615.0,33.72849655151367
24,0.1,0,638,1994,1885412.25,30.749677658081055
24,0.1,1,638,1994,1901878.0,30.88365936279297
24,0.2,0,1276,1994,1774559.25,29.832021713256836
24,0.2,1,1276,1994,2015407.25,31.792072296142578
24,0.35,0,2234,1994,1900688.5,30.874000549316406
24,0.35,1,2234,1994,1770744.25,29.799936294555664
24,0.6,0,3829,1994,1822866.75,30.235342025756836
24,0.6,1,3829,1994,1783919.0,29.91059112548828
24,1.0,0,6382,1994,1840123.0,30.378116607666016
24,1.0,1,6382,1994,1950801.625,31.27836036682129
25,0.1,0,690,2157,4010272.5,43.118324279785156
25,0.1,1,690,2157,3615480.5,40.94095230102539
25,0.2,0,1380,2157,3614565.0,40.935768127441406
25,0.2,1,1380,2157,4171659.5,43.977378845214844
25,0.35,0,2415,2157,3638306.0,41.069984436035156
25,0.35,1,2415,2157,3660259.5,41.19370651245117
25,0.6,0,4141,2157,3706468.25,41.45291519165039
25,0.6,1,4141,2157,3501389.0,40.289798736572266
25,1.0,0,6901,2157,3510125.0,40.340030670166016
25,1.0,1,6901,2157,3390046.0,39.64402389526367
