level,trend,n,rmse,coverage_80_garch,mean_band_width,model_mse,noise_upper_bound,noise_share_upper
under 70,fast fall,197,39.04461570293064,0.9543147208121827,134.31372100509668,1524.482015389538,,
under 70,slow fall,413,34.879961062708254,0.8934624697336562,106.60191322392585,1216.611683736044,1227.0958000777941,1.0086174713607508
under 70,flat,327,39.06690848073649,0.7920489296636085,97.6800148419609,1526.2233382422403,1417.4215286329545,0.928711737736501
under 70,slow rise,41,34.56245667127162,0.8292682926829268,90.57750560758073,1194.5634111535278,,
under 70,fast rise,0,,,,,,
70 to 120,fast fall,1406,33.99901797765144,0.8883357041251778,110.94182858876594,1155.933223444666,1165.4941430112767,1.0082711694522624
70 to 120,slow fall,4555,29.555638777703074,0.8502744237102086,83.36112097719416,873.5357835580655,778.0379517177585,0.8906766801798004
70 to 120,flat,9126,25.826963631548093,0.851413543721236,66.70684589957133,667.0320504253078,520.545800095749,0.780390986855643
70 to 120,slow rise,2004,34.345404889755024,0.7270459081836327,65.42661390642354,1179.606837041208,1109.4272253898625,0.9405059300712633
70 to 120,fast rise,445,37.959400725323505,0.6382022471910113,68.05086222031618,1440.9161034256906,1542.159693690611,1.070263348451877
120 to 180,fast fall,1828,35.404877721138625,0.7768052516411379,89.81868826186626,1253.5053664487782,1373.4100721424109,1.0956555184389252
120 to 180,slow fall,6459,28.167032256175844,0.8264437219383806,72.42049201910619,793.3817061204504,787.8034734405519,0.9929690429753221
120 to 180,flat,12893,25.93940753374698,0.8358799348483673,66.91047668854186,672.8528632018096,625.931749643326,0.9302654174120525
120 to 180,slow rise,5728,32.431703757305094,0.7822974860335196,77.64804598494091,1051.8154086015973,1009.9817523555758,0.9602271882462343
120 to 180,fast rise,2778,39.90987318080873,0.7595392368610511,98.70282156240566,1592.797977308236,1505.967105921174,0.9454853204084281
180 to 250,fast fall,695,41.948296480870994,0.6705035971223021,84.46201980016181,1759.659577647054,1591.6103519840387,0.9044990134468373
180 to 250,slow fall,1849,34.59705468050999,0.7863710113574905,82.25436156810153,1196.9561925661983,1049.4933768081676,0.8768018272733276
180 to 250,flat,2839,32.73478411337877,0.8429024304332512,91.97621696442823,1071.5660909495155,1262.2142838401812,1.177915477636785
180 to 250,slow rise,2155,36.6241516565762,0.8491879350348028,113.0500336949339,1341.3284845638934,1384.464426474763,1.0321591186702446
180 to 250,fast rise,2104,43.403459507485266,0.8716730038022814,147.4212758990984,1883.8602972179133,1784.0820571571358,0.9470352232550736
250 and over,fast fall,149,47.567351805187755,0.7516778523489933,106.65872851608485,2262.652957758499,,
250 and over,slow fall,368,50.012957534253594,0.7527173913043478,116.32826860892057,2501.2959213230533,2340.8985391218775,0.9358742878706114
250 and over,flat,601,49.14910712625666,0.8419301164725458,136.32171460424252,2415.6347313082533,2028.1610448121955,0.8395975676810166
250 and over,slow rise,484,46.941965405530404,0.878099173553719,155.49515636932827,2203.5481161340135,2105.842146603925,0.9556597068088953
250 and over,fast rise,565,61.4787884295821,0.8707964601769912,212.08014661148127,3779.6414267693185,3062.8548370663825,0.8103559283094175
