patient,method,budget_days,rmse,epistemic_sd,aleatoric_sd,mce
2,Deep Ensemble,0,14.744288444519043,1.3767271041870117,16.851608276367188,0.10262345679012347
2,Deep Evidential,0,14.035393714904785,12.837579727172852,11.950724601745605,0.042052469135802455
2,Deep Ensemble,1,14.672468185424805,1.3688870668411255,16.85483741760254,0.11046810699588477
2,Deep Evidential,1,13.971209526062012,12.913049697875977,12.038368225097656,0.05606995884773663
2,Deep Ensemble,3,14.419429779052734,1.4470309019088745,17.141429901123047,0.14493312757201648
2,Deep Evidential,3,14.023505210876465,13.161492347717285,12.344010353088379,0.0893775720164609
2,Deep Ensemble,7,14.436924934387207,1.4712648391723633,17.32594871520996,0.1352880658436214
2,Deep Evidential,7,13.946555137634277,13.521173477172852,12.657574653625488,0.09233539094650206
14,Deep Ensemble,0,16.13317108154297,1.7701276540756226,19.652029037475586,0.12397119341563785
14,Deep Evidential,0,15.46753215789795,15.809837341308594,13.111351013183594,0.08037551440329217
14,Deep Ensemble,1,16.105995178222656,1.7098722457885742,19.84547233581543,0.12654320987654322
14,Deep Evidential,1,15.567463874816895,20.018436431884766,16.380125045776367,0.13786008230452676
14,Deep Ensemble,3,16.115642547607422,1.5386277437210083,19.99878692626953,0.12744341563786005
14,Deep Evidential,3,15.480371475219727,16.127670288085938,13.363306045532227,0.0878343621399177
14,Deep Ensemble,7,16.140670776367188,1.4251700639724731,20.02540397644043,0.12667181069958847
14,Deep Evidential,7,15.527496337890625,16.36818504333496,13.561532020568848,0.09117798353909463
19,Deep Ensemble,0,25.639110565185547,1.8099430799484253,18.653223037719727,0.07433127572016461
19,Deep Evidential,0,25.52410125732422,14.984466552734375,12.916840553283691,0.1183127572016461
19,Deep Ensemble,1,24.252355575561523,2.0599656105041504,25.301725387573242,0.026877572016460897
19,Deep Evidential,1,23.89475440979004,22.040128707885742,18.695913314819336,0.01311728395061728
19,Deep Ensemble,3,24.110055923461914,2.141963005065918,24.255638122558594,0.017361111111111105
19,Deep Evidential,3,24.87902069091797,16.62798500061035,14.285185813903809,0.08706275720164608
19,Deep Ensemble,7,24.987401962280273,1.9102445840835571,21.11827850341797,0.0323559670781893
19,Deep Evidential,7,24.70145034790039,17.10972785949707,14.671630859375,0.07754629629629631
21,Deep Ensemble,0,22.727340698242188,1.579240322113037,18.09898567199707,0.04367283950617284
21,Deep Evidential,0,23.053512573242188,14.335480690002441,12.16396427154541,0.026954732510288064
21,Deep Ensemble,1,22.73441505432129,1.3650230169296265,18.045177459716797,0.04791666666666667
21,Deep Evidential,1,23.85525894165039,16.072355270385742,13.710668563842773,0.02317386831275721
21,Deep Ensemble,3,22.678178787231445,1.431450605392456,18.16443634033203,0.04753086419753089
21,Deep Evidential,3,22.73162078857422,16.42612648010254,13.933342933654785,0.0330761316872428
21,Deep Ensemble,7,22.535396575927734,1.758942723274231,18.579259872436523,0.053652263374485615
21,Deep Evidential,7,22.903017044067383,14.854290962219238,12.605680465698242,0.022633744855967062
28,Deep Ensemble,0,17.619062423706055,1.5364278554916382,17.88580894470215,0.12319958847736628
28,Deep Evidential,0,17.187551498413086,13.986228942871094,12.029656410217285,0.05015432098765433
28,Deep Ensemble,1,17.618127822875977,1.3121535778045654,17.860658645629883,0.08924897119341563
28,Deep Evidential,1,16.736358642578125,15.416627883911133,13.218974113464355,0.08346193415637858
28,Deep Ensemble,3,17.560195922851562,1.2595396041870117,18.08669662475586,0.12049897119341563
28,Deep Evidential,3,17.100257873535156,14.201130867004395,12.215944290161133,0.05632716049382716
28,Deep Ensemble,7,17.32891845703125,1.8940118551254272,18.539756774902344,0.10648148148148147
28,Deep Evidential,7,16.845930099487305,14.51755142211914,12.452839851379395,0.04076646090534978
