level,trend,n_val,n_test,halfwidth_source,halfwidth,coverage_situation,coverage_garch,rmse_test,width_ratio
under 70,fast fall,154,197,own,47.137237548828125,0.8324873096446701,0.9543147208121827,39.04461570293064,2.4145320270262034
under 70,slow fall,256,413,own,46.015045166015625,0.8232445520581114,0.8934624697336562,34.879961062708254,2.638480305828804
under 70,flat,232,327,own,49.340667724609375,0.7737003058103975,0.7920489296636085,39.06690848073649,2.525957115287931
under 70,slow rise,15,41,pooled,35.90476989746094,0.7073170731707317,0.8292682926829268,34.56245667127162,2.077674642109862
under 70,fast rise,0,0,pooled,35.90476989746094,,,,
70 to 120,fast fall,1060,1406,own,39.684165954589844,0.7823613086770982,0.8883357041251778,33.99901797765144,2.334430128580503
70 to 120,slow fall,3734,4555,own,33.76322937011719,0.7666300768386388,0.8502744237102086,29.555638777703074,2.28472337370616
70 to 120,flat,6791,9126,own,28.1131591796875,0.7735042735042735,0.851413543721236,25.826963631548093,2.1770394368269277
70 to 120,slow rise,1742,2004,own,36.074371337890625,0.7495009980039921,0.7270459081836327,34.345404889755024,2.100681092779974
70 to 120,fast rise,362,445,own,46.22245788574219,0.7707865168539326,0.6382022471910113,37.959400725323505,2.435362887850135
120 to 180,fast fall,1448,1828,own,44.05461120605469,0.812363238512035,0.7768052516411379,35.404877721138625,2.488618181542353
120 to 180,slow fall,5064,6459,own,32.10838317871094,0.7691593125870878,0.8264437219383806,28.167032256175844,2.279855604714687
120 to 180,flat,9964,12893,own,27.993698120117188,0.7725122159311254,0.8358799348483673,25.93940753374698,2.158391480892352
120 to 180,slow rise,4188,5728,own,37.060028076171875,0.7730446927374302,0.7822974860335196,32.431703757305094,2.2854197456600946
120 to 180,fast rise,2119,2778,own,45.897857666015625,0.7692584593232541,0.7595392368610511,39.90987318080873,2.3000753451697915
180 to 250,fast fall,572,695,own,48.441925048828125,0.7482014388489209,0.6705035971223021,41.948296480870994,2.309601538690293
180 to 250,slow fall,1754,1849,own,40.40437316894531,0.7863710113574905,0.7863710113574905,34.59705468050999,2.3357117270278405
180 to 250,flat,2922,2839,own,36.3333740234375,0.7735117999295527,0.8429024304332512,32.73478411337877,2.2198633659898173
180 to 250,slow rise,1972,2155,own,42.167388916015625,0.7777262180974478,0.8491879350348028,36.6241516565762,2.302709387587635
180 to 250,fast rise,1762,2104,own,53.08160400390625,0.80893536121673,0.8716730038022814,43.403459507485266,2.44596189364822
250 and over,fast fall,121,149,own,61.114654541015625,0.8120805369127517,0.7516778523489933,47.567351805187755,2.5696050850722525
250 and over,slow fall,329,368,own,51.796112060546875,0.6847826086956522,0.7527173913043478,50.012957534253594,2.0713077016120076
250 and over,flat,527,601,own,47.977630615234375,0.6738768718801996,0.8419301164725458,49.14910712625666,1.9523296930699905
250 and over,slow rise,462,484,own,58.510711669921875,0.8264462809917356,0.878099173553719,46.941965405530404,2.4928956921359973
250 and over,fast rise,456,565,own,68.80294799804688,0.7292035398230089,0.8707964601769912,61.4787884295821,2.238266229883625
