dataset,method,coverage_error,overall_coverage,mean_width
ohiot1dm,GARCH,6.701665597482147,0.8321543601938532,99.33408270446718
ohiot1dm,plain conformal (pooled),6.776878402800798,0.804701845218386,87.37012066908156
ohiot1dm,plain conformal (per patient),7.107559585778002,0.8009391649860028,87.29611829730878
ohiot1dm,CQR,4.8631159322117385,0.8052436711718491,88.3952496788341
ohiot1dm,Mondrian (situation),4.004976646102172,0.7938051232654044,86.7045370116684
ohiot1dm,Mondrian x GARCH (hybrid),3.1499604176529403,0.7947081665211764,89.16415812813736
azt1d,GARCH,6.0282209139109675,0.8231765235214717,83.10446542962583
azt1d,plain conformal (pooled),12.36353132686208,0.777566698328584,71.8636461839684
azt1d,plain conformal (per patient),11.05193254578763,0.779449749204286,71.85053161215271
azt1d,CQR,7.850341051479331,0.7858154610141812,72.17952691685072
azt1d,Mondrian (situation),3.843636108794559,0.7735506340715559,71.1040700325005
azt1d,Mondrian x GARCH (hybrid),3.064871065048065,0.79604725957773,76.2070429804684
