mondrian_vs_garch,hybrid_vs_mondrian
0.7059835311312601,0.2864865282433633
1.0580626365180639,1.0497453403601753
2.547243164658993,0.8513429660747411
2.339013594764041,0.09448602635363235
2.179867237207304,2.091334751435131
2.117110968216507,1.0613797929359527
3.87980692871297,0.26711668793954757
0.5890239484448146,0.6463742366618355
1.760264420741918,-0.6074427775863187
2.062046014916394,2.832389525500725
3.6759900039416453,1.3856961185475012
2.698097315316467,1.4445242841786796
2.9141248353807256,1.0391074297147584
1.4386682797188466,1.7149876240311697
2.874023701938428,0.36496461774345457
3.09664443325575,1.163471593649712
4.161766593958394,0.8443874230753746
2.556996367932492,0.8238641900503441
2.628131536613249,0.06719237419961083
2.332571898987919,1.8043037534562538
1.734288501358186,2.2272113287158306
2.5444261395987366,-0.5389036822315628
1.6094625682696595,0.21413340860908514
2.3240143974766765,0.7318875792044155
0.8600496505415223,1.063089663829344
2.215515658375935,1.1443144963859369
0.8506715105189071,0.18524598332186545
3.118264069817344,0.8868526107803365
2.593794791039175,-0.7912715782231072
1.1766949763915235,2.124613483993978
2.308020985173974,1.3485338025241453
0.5490474659235057,0.8664913780944278
3.101269838552168,-0.7069192978721255
2.061474068533071,1.7382009109125554
4.612492243050271,-0.6128447436553595
2.4208523102203006,0.36482260429313296
1.437163678064731,0.44984412095851534
1.848553149230002,-0.1321552570161151
1.7562920226243701,1.3136419803648978
3.974295497305047,0.35508968189849677
1.8807641411138034,0.5859512228815145
3.7945054003176333,0.6407860756396572
2.5213254203122912,0.9379697085740962
0.8042784458270967,1.2853365605522957
1.3010246303323467,1.3261815941955948
1.444152039058072,0.9760284170558298
2.686871177931431,1.633337692227612
1.5431182880247272,1.448944461155157
1.3951603695069037,0.04903875947323624
3.2565634567350226,0.29149898186965617
0.5835004357074458,0.39586602573793495
0.46471088780819303,1.3561730651239772
2.445158503303757,1.5428522345766325
3.6874528829855513,-0.10744581124626368
0.8072094875379444,0.26893203371494356
4.739606015115246,-0.48486771321974015
2.226191197636468,0.9873039848288557
1.4287370496064808,1.1025310132771602
2.2865736044876934,1.3290078813167114
0.44307748928271995,0.45245120783939524
3.3870304933567303,0.5026996067705249
1.4137042490451537,-0.2466147383088653
0.6217079385308799,1.2684089656970328
1.4709847562108123,2.7421168790229955
-0.3272095134369941,0.9453509568462761
2.7481878497589896,0.08520469984249629
2.5569048101894025,1.1579765683223435
2.808633548711744,-1.0220461874437585
2.3543944386342766,0.6684570681104417
2.235797194515717,1.3218541266269181
0.8410044183849018,1.5879272931434942
0.49694557136301665,0.5433615881581477
2.5290566520679874,-0.13163162732304015
2.388346515415153,0.6222810565054498
3.1398780135350175,0.0849608515585791
2.219816892828385,-0.19587664264796856
1.4521236898029686,0.99341046461386
3.8412665294300417,0.17750766256104805
1.1159792445977195,0.48652218446162065
0.9770336629774661,0.8485241035432023
2.548056685476775,1.2725338943819462
2.334255589873365,1.1984412527154673
1.1686097389508807,1.7487285384201086
0.5009247096803428,0.614463056359299
2.6951838105082846,1.0944041596401555
0.8513179084532508,1.5586799010220962
2.1819117671709005,0.18687269232042086
2.860183352838467,0.5329909337465903
3.3358401829444073,0.5817263595257437
0.9805315720864904,1.5062513802324886
1.2337403853939901,1.5668201669906532
1.2861316014211075,1.551917880782304
2.4569937117331486,0.786147616512408
1.3735096503617947,1.0039875082510559
2.9495357307941275,0.22489833407070975
2.7288359754568656,1.3131123330037353
3.089857000494984,-0.45009836553425164
4.018345013829645,-0.5846758511466252
1.544536111844147,0.9216719314723877
2.6495406747850927,1.2694817731095764
2.126794940355317,1.4094115362740718
0.9676152093965856,1.0875572254855823
2.6566817433877468,0.3953277384567577
0.6563807784484531,0.9643400435383275
1.788630526635511,1.151789494965396
2.323835059697119,-0.39695896609780457
1.4449520622942322,1.1562743995891793
-0.16112912462989126,1.008632936200854
2.5550298707369903,0.12850810795659584
1.8277063836015197,1.3527221548505928
2.693810159205527,-0.5649254994582485
0.7330999256696766,1.852900640055926
2.9620309537182683,0.6514272335633966
1.9093706424035004,0.8206220055060602
3.1114913061827663,1.4688573056149816
1.6789979033103204,1.5106649784580373
2.4319015297505917,1.2618578011847552
2.9137884537679453,-0.32604365883754716
1.8031924815891178,-0.4803257624440477
2.888090954594115,0.6345951251264359
1.3624633090056264,1.351096338515477
4.236268887615767,0.33773831717775693
1.1226888608122598,0.05572675279212416
1.941606330456619,1.638680698219347
1.727513849574399,2.21340424627315
0.94028247798537,1.7227358503920855
3.6825576944285863,-0.4627580067075865
1.4839973533766495,0.14718632064606996
1.20843078896928,0.5840356638714371
1.1849599636567647,1.9627497040328339
1.1505463292003817,1.3007178328350522
1.7761939252173224,0.23039355340306877
1.8244371336279472,-0.11228489600266164
1.6181959858244832,0.2610598080630258
1.1033753182731532,1.4894207017534986
3.026316454074234,1.8475335991402302
2.5137421898185837,1.463063364261727
2.347371954017098,0.4370694599519914
1.1789556476072252,0.6971426896635657
2.0544524873341343,0.8928588728565751
2.336430594868935,-0.8753498690607958
0.6282508933199691,0.3123995403101293
1.291532414760347,0.43916596611537073
3.362455543774797,1.4635210807725192
1.4712209117837474,-0.543101285736678
2.4273543719057433,0.8476185585190754
1.2125085987634774,0.09224749003035465
2.760091752015597,0.8488516948393809
-0.05016804494939811,0.5655120939863395
4.852477613231416,0.3171311881641652
1.9526424184836355,1.7540677571367396
3.1525456464647883,0.39867674126808295
2.862063844673169,0.6829595177784697
1.6046769777565424,1.5047920841178204
1.0777313823324723,1.382131663509531
0.5060257119437237,1.2124946458823795
2.0003691507227805,1.1608144814387704
2.051727872465022,2.3036414846657554
2.0303867490789154,1.5792853375048586
2.7447926725714056,0.17159310306974693
2.278086501620507,1.010104966415648
1.1072309019881426,0.4940164356762408
1.7409336294197533,1.5937736954582185
-0.034583725364971396,2.125727022244603
1.268321363839569,1.344204141174149
3.279200055535838,0.4772210612444164
2.757927899303767,0.7766262814757945
2.193421050515766,0.8851050287845386
2.7118151619703594,0.7891638541136337
3.0659003287638362,0.4359442160571134
1.87347130267543,-0.8490410897431473
2.0084871292513515,0.03571605554482382
2.3863830678779063,-0.5684693925715995
1.2945315558525454,1.3665433725305904
2.787231343577761,1.4567551089875161
2.165949888659629,-0.009787816795465976
2.7053797640679105,1.1365672966713196
3.4348697695411414,1.4968517526592013
2.515880873264858,0.16401110766614407
0.6957134870304554,0.9543032659832584
2.016141607200691,1.1025207276677016
3.207664851156083,1.468700733388073
-0.16913562368546242,0.23193134662209056
2.587731918276772,0.8932235672651112
2.0601839792213044,-0.49259615319362793
2.398102240490273,1.2360096818941007
2.3607345202856553,0.7957360817023952
1.044232766565366,0.7975126896489173
1.6041861797799624,0.5780986604299696
4.348820992455255,-0.6515323301274304
3.7123331817732663,-0.16920582528049954
3.5917220121391784,0.1255465099849383
1.8342682853032415,0.18905066910469143
2.9156349605935374,0.14617574795166566
2.0502555119224275,1.2708245519458317
1.803965401173617,1.603936817296614
0.8780067318365565,-0.10529979044302806
3.8664950533241025,-0.10043491809606162
2.3690499412852755,0.6664016552381815
3.35894851476208,1.2296314248241451
0.8840927672454708,0.6299356367541441
1.8875622804078902,2.4405245812863177
1.144430290035963,1.9961726931431543
0.9755506612332987,0.19892355417484436
4.037493252558159,-0.3849806099821662
1.1248522626421995,1.9176490613262642
3.1167209554901545,0.6947057837039361
2.3473671351093324,0.14250853077686365
1.6329606216086978,0.8660898998385492
0.24035722014627836,1.7300100332996067
2.4446824191024876,0.3624987899131793
1.5519579148318072,0.18298570686676938
0.9766500226764132,-0.16265815877917478
0.0731567336483746,0.1836590789966265
1.8667149689259324,2.166299085100634
0.5689122175596438,0.4340116666763004
2.6315547941898885,1.1847237229967806
2.02587547129713,2.956740718380408
1.5001590197401957,1.5120772615055214
1.6683035774898824,0.650177207867475
2.254110763541476,1.8302093132078825
2.590692371270966,1.2607882460369548
0.8009604101258283,2.3478974758943956
1.7909100966528244,1.3109541345561664
1.6082219821984753,2.4675379192869467
1.5695506598995637,1.260614513390821
0.7983572912986125,0.8948240153224527
2.966345168385482,0.27594182697877123
2.5996185856749574,0.4661919143456351
1.2540756545467455,2.117896331843938
1.6745036856569064,0.8074859720632168
1.5140661774261126,0.3375131650073207
3.1151123574358834,-0.6220724055489242
2.3862723219563944,0.6500078773316265
0.11834386094614763,2.475335226572378
1.562335926030787,0.7836031565651075
3.185817512473195,0.4408564515674965
0.25839601065450607,1.6373005852960199
1.7049893157974296,1.7801249249816735
1.9308923626824501,3.0795335809849824
2.3456827811981564,0.9447046614946546
2.9309611352601004,1.7537544487604404
1.3412691555647844,0.32225624927296814
0.9551450717227649,-0.20289493287329874
3.244067513698711,0.3953895200821733
1.3372087251273035,2.6181494099567146
2.0377452331541273,-0.39861305691370685
2.9636704842770105,1.7247666499287537
2.861003826254945,1.0623495056909529
1.4592197660058945,1.005432666602387
2.119427596933654,1.8807308317528846
2.9261659134557605,-0.22416152074506493
1.8213425091854307,1.631534201228775
2.1049177809192035,0.6006653867092142
2.7946525782030807,0.5109380068758675
2.838161148668019,0.015814744803138714
3.7277229220374846,0.9668639695705874
-0.7966429209902579,1.9718882132862443
2.5038087207338346,0.030878610301707243
0.5544463729087081,0.08433960960960094
4.556454598018358,0.47596248803187313
3.3217796447916914,0.7811581746219067
1.2878303684575285,-0.3455496159395409
1.3812752046131818,0.5150048624245285
2.971520923225126,0.24889468155845917
2.2883648309595834,-0.03671669600258248
2.7814746441950264,0.9154599220033186
2.7682458826418967,-0.15696481603295273
2.5697878882259504,1.3356688315127707
0.68367880594421,1.6327146515735456
2.168498953534452,1.7891373056856497
2.682726888786486,-1.2506045823762162
1.6709829537073562,1.3404962597397472
1.7059965731143691,1.3587264277497526
0.9425279314809687,-0.4830552393688098
1.164193595916719,0.36609189425505784
2.8900527654258013,0.7703391020797048
0.283802137053997,1.0639789902834187
3.6060451209552924,0.21229926890701106
2.9215991566778605,0.44199655733580323
2.4244373936426435,1.950485592193018
0.749868524387623,1.1074519749377016
2.3618457613432473,1.3426791157199656
1.2798313914032502,0.6863895646780249
2.297067021100068,1.174542241056592
1.129059083842321,0.7824285584885453
1.411489212757913,2.1328510769376523
2.5725725876919987,-0.6423368181217797
2.700321703655031,-0.1420624185317923
2.3960292511783976,2.032888627635407
1.724072557799123,1.4746030841486153
2.4365620705362288,-0.13887935012293975
2.9347949997281506,-0.440181501542522
2.1183532647046146,-0.2607268092241509
1.8399465692928003,2.081945275557015
1.2918696128318141,0.723637843374525
0.8090229191509437,3.36577928242925
1.5456651344040617,1.134243282024417
1.7627057436056672,0.8802593630377942
1.6409055181385204,1.7094483735049362
3.2553006563494025,0.2297706672988488
1.9356716563874747,2.341298580770516
1.63485717011983,0.3853125614538495
2.55363247899161,1.4481402151956029
2.24023237435265,-0.09395334477045394
1.867070314592318,0.2538104144172118
2.4843132273086916,1.4758547169512277
3.2343020885606832,0.43427751803673253
2.0632579786285348,0.5763454417491973
2.1650435646864836,2.087085683316813
0.6218503155489697,0.21383938489031792
2.45993325626956,1.605321845546289
1.8211052872307787,0.5132055822688892
1.7972051837897935,-0.03616863066516207
2.5471937437470102,0.5557057091920857
0.15292158381032261,0.9777426574679602
2.2405275738521238,0.041534518289639
1.793857276545404,0.5705806575731859
0.6730119224700903,1.4632340894499967
4.291882096485263,-1.0895649433924266
0.42233336463049154,1.7013398057130849
2.844405836861314,0.7764710074879568
1.667831825022352,2.4560708080494007
1.6642518552409586,0.9065798297733505
1.9441097610491433,0.5764574815002775
2.5656847168699812,0.7071827167233101
3.536846114861257,-0.1462951754680357
3.9267885220201637,-0.15452563815653783
1.856597551266432,1.0268465689778004
2.896761440007689,2.0467370051655935
1.7950101701000394,-0.8391798149472739
2.130628609659168,1.0157424388909535
1.7096088642278935,-0.29133390967862605
0.5488738281840697,0.042352522767870326
1.3226110554529977,0.27298713464704094
2.8746247474944635,0.7346481796747989
2.4627664340852404,0.45630727840884205
1.6341168961036434,1.5700059946462424
1.8533235001522992,1.9341539606747775
2.2225685433333315,0.39295181053247835
1.757946882331917,1.200706603306903
1.1704982224312002,-0.5480818004553856
3.6679826308691004,-0.3245248541429858
2.126732648348728,1.0300760706700038
1.4729734603554299,1.3177152107258763
2.5386944323775285,0.8208477034717985
2.5767364103509585,0.7752485988384288
1.54922316700003,0.33950929992628065
2.1561191054910958,0.4230396123366835
2.951983647206633,0.6746157526897701
2.5354751102122006,0.6606706636028574
2.878475413145715,0.5294214540329898
3.9821544972482843,1.0544604395391426
0.008532785071873467,1.3371771882280565
0.8515613281875278,0.9052812884614091
0.3997802932391589,1.1841729349074535
1.2841632575142794,1.793670422641245
1.6629917219363874,0.5202731021284965
4.6870823677429225,-0.7649449413432177
2.7337889801730806,-0.5201031555613488
1.3898453406442364,1.4698488641151752
1.9002398862634433,2.4577632641121836
1.3587289010464056,1.3688324620095413
0.4193542190400565,1.5433161091851646
2.7879334736992236,-0.23992345677510893
1.4303206094911542,0.528998033607423
2.2945021318960834,1.1752882607759716
2.856590760508373,0.15485974902773939
2.1522008555135557,0.6506466072826879
2.209437296729444,0.8317121105855043
2.4720545786377732,-0.7915697127482614
2.0569533776592372,1.7056813645764377
4.3094991659933175,0.14375977511121643
1.6425419915239061,2.189985187407169
2.8519418277589326,0.4927555483638997
2.8175280007724854,0.5447908778787182
0.8966027976965906,0.1744899858210469
2.7555890787632125,0.46611733074274075
1.9641050293659221,1.2823044624532938
2.577492704664017,0.26789311371044133
2.9992209739010973,-0.403709620645697
1.2986806853064123,0.643817778836326
3.9300884565005503,0.21620014084193923
0.7754311988290685,1.9769188800308244
2.168141095301633,-0.24720013365027924
2.584785133780175,1.707107564740698
1.1271783080997153,-0.15932561984451019
0.9929480059856992,1.7495093242490205
1.7475480785173296,0.7387568802544418
0.20164427973134308,0.11772416356319038
1.323270677566038,0.7290907793443151
2.3078521975863984,0.8098993909824097
1.7926146274614314,2.038230425539015
2.8399326935171874,0.3984415823109516
1.6550808493156932,0.6140643442143011
1.3259369297763182,1.033733536644888
3.1795077608162825,1.7298244361018658
0.4425322664192863,0.41441169575627057
0.8646281907665171,0.254866597875656
2.4996163136380654,0.4450215183135986
1.4323049352368353,1.7995086803971514
0.9867751419913695,-0.48615457621295627
1.7653297125781078,2.3276992089511137
0.06933516815073454,0.8155746501559973
1.9061249116137324,1.8429176964647735
2.9960643074964906,-0.2836576546967291
2.2032465484023205,0.9669411003165845
1.577185083802169,0.10677110884986935
1.4806383083754113,1.016444804618022
1.9111293106375167,1.6276204093036248
-0.18556033053525045,1.9929458995398628
2.810440315817885,-0.2841506849017461
2.4180286162619318,0.8228435829742115
0.02826388507468705,1.158405299902921
2.5831436682102886,0.6598446634434395
2.4003983573849066,0.05015842714088392
2.4261363004272902,0.6987413973220293
2.702356604811022,0.3658068649110897
0.9460556309321368,-0.24444874914167705
1.0150830231035566,2.100781363495114
1.39190845582014,1.5682765273938728
1.9064633953804033,0.1384220427168445
1.3914879381807603,1.6346859752532048
0.18107649780632618,0.05940368481610475
0.1612397702870992,0.5628750951531467
2.881805206633491,-0.3730658921788338
2.1061403943383508,0.13192265041788165
0.2550894048162118,-0.2067693075497458
2.1465082861120464,0.28918785249282475
3.336240859257094,1.0474764127314962
0.7637466833279045,1.147662333035694
1.181141042351054,1.816159292081504
2.9587079835126726,1.9388882990318268
1.927236071379585,0.8982643632348214
2.130319087726206,1.561414148326369
2.208538127372056,-0.4002695041940365
0.8225241295738428,-0.3957427400456376
3.963414352767332,-0.2484970908159495
1.8483298884261936,0.25682857940353687
0.221489555201293,0.76313871999091
3.493880194213286,-0.24163663945078878
1.679161814414175,0.8753794287916123
1.436301621606926,-0.5995097262061058
1.0442981727458527,0.5467203455974505
3.0345203032235557,1.5916910295827411
1.349205346200736,0.8174838359751926
1.8706357425915476,-1.0307458094825104
1.6393545629943378,0.8872875941199447
1.7791759616166283,0.5344751775273118
0.6834857467560727,1.9182058268441902
0.3275040675171148,1.7791991430012901
1.2815075349387792,1.0704685177163207
1.6812904204204713,-0.2993363373366309
1.7378922913237387,0.9567795832792457
2.426320846652634,1.0122583143576767
0.875767894836571,1.7326157629005559
2.385899914095312,1.3745830167711934
1.3696083447184704,0.5867407872530082
1.9335344699942032,1.7979311435954888
1.1567428770129993,2.1089604729914453
2.556470293375116,-0.3873746908153196
2.9109914975113593,0.5974683317476887
2.0987196277850027,1.0910779880971417
2.183522672598136,0.2338403433924753
1.366469295352779,1.0682537440769877
2.278822391607465,-0.3479031840686042
2.286588902829021,1.2943184737561313
3.5714644698307483,1.2103076351422561
3.515223063837985,-0.3605840217200402
3.52653418482686,-0.8280792225249332
1.09686486359628,1.0041740384975906
3.059243201451041,-0.4264586243844064
1.4953507280877896,1.502411058997221
2.3545073927243263,1.5880942700426974
2.6947141555052454,0.4805246591135258
3.354544310184017,1.1557609847504375
1.5022005885175507,0.764492614178694
1.2827337860955947,0.7449635153685484
1.9321920987275254,0.7944526861662058
2.734120008590054,0.5838291651629878
3.5838883383180016,0.17109964313585385
1.632258223583445,-0.06228013911864505
1.0139070918887174,2.6111681800329496
2.286301515661563,0.32636291735864686
1.2464271314258812,0.9448330363564468
2.7479557672742474,-0.5279770206625733
3.788090959796779,-0.3806261332035637
3.2373256014207827,0.521444895940517
0.6624804271354346,-0.6170552812942702
2.904598219303138,1.8667449919758938
2.3629361448674024,0.8493187171090398
2.42742586653018,0.8543660331725461
2.4877548613421,0.05036483299943467
1.9247911940999285,2.5405742747094497
2.5429981963593877,1.3340768479267955
0.9619646687742754,0.9557776277163532
1.527458740615887,1.6232184487782741
3.8107967742141766,-0.4751014847752755
0.6644293903172026,1.2804217174041197
2.5213811832078417,0.7913159750231463
2.5669926844455544,-0.8151287559204419
2.6552418429133464,1.186576700403588
2.15184079901433,1.1970517584398086
2.7232874089847376,0.8010635838967772
0.33097042682152866,0.4901685498533377
1.805921059134203,1.6522321729889031
2.251243388901218,1.8876651594731342
0.41835838110378876,1.5398334788094825
2.7624223831634973,-0.4280218177260202
1.2397067518365736,-0.15838542393441096
1.0312083708944078,1.1221362130541737
3.7752506230551495,0.2663962037822723
3.8559288327071632,-0.9625018415759169
1.7390161004368985,0.8056923216063793
1.536788821308322,1.614205781537737
3.4403257788081487,0.5369665263112666
2.1562967693032404,1.0912273673639763
1.0184124310944447,1.1078249217132228
3.028349464177501,0.11866358907212937
1.8959663585747286,0.13439762782924483
0.9221573424044491,1.43931058154226
3.6695594955099406,-0.05977561448432117
1.428340912353552,1.649518192902065
2.0976652991623377,1.2703328828346607
3.247348550619613,0.4996321139735659
1.2568637850918754,1.7388786524101967
5.118787949750725,-1.0831327592594322
2.5188046598173903,0.37925475102272355
0.7956581435421384,0.15965101045743307
0.3365494038164357,1.1986765015404113
1.2440337478039853,1.9942431890352255
2.8097708962936387,0.5791022165465697
-0.6961642598425355,0.8345245654255179
2.73069646971412,0.8737486306479123
1.475425459587755,2.594573383583385
1.7452904036121577,1.1574759294669688
2.8306988088215546,0.6930415824243925
2.3495884896399715,0.9618122376536586
1.655024296841636,1.1060431574478404
3.627541903334093,-0.9676654896833146
2.9906215477647713,0.923516304291231
2.1452529949783097,0.3914798381772444
1.10233436254491,1.0483447302127664
2.547608093346534,-0.3052305512489105
1.0856979105918894,1.1077260056982645
2.1566061332284123,1.1475474438729565
1.8641101307100332,1.4261565209001485
2.1679049103196157,-0.1164614598932183
0.7722156513070955,0.5042143189381065
2.008190681099805,1.472454057218027
2.2734233643086417,-0.11450030710110914
2.1269694314880967,0.49259498135833457
1.6497957884411927,0.7533093943873519
1.471028198863302,1.457746059067608
3.1078995145987545,0.01887916891499461
0.500454056201026,1.9313805995748314
4.063174064849646,-0.039142892584232564
0.8269516453092707,1.5180130224282398
0.47470882521949354,-0.288321092409731
2.4145212313733144,1.2179366256785396
3.5077788752474732,-0.5232678314450342
3.5102257442337352,0.5906660746393448
0.4118754780773129,1.000044565647705
3.722382244055277,0.36152396587193353
4.341109324942648,-0.19458458017727678
-0.3662145286707816,2.771009133447708
2.016848209900357,0.37830920462286893
1.0924755920932048,0.7005111442999874
1.6120200052315792,0.9183893791506963
2.655318181492552,0.14321726247140815
2.5613303127383134,0.9177378448873501
2.5341218073179377,1.6018821044899294
0.6154271661035313,2.287106342243798
2.171959756044833,2.051407388445629
1.7317691237128965,2.1500344374726414
1.2129579050365373,1.5126906661108317
3.103721289870228,1.535002895378327
1.0840595643192965,1.2809425705173543
2.3810343530975566,0.22270656569793323
3.7917291795656096,0.6277154769720273
1.3176045080847452,1.3793904548651788
2.165864124466906,1.8586156089427306
1.4101427729282716,1.0879432722976083
1.3801126459257407,0.8869384317997047
1.5915246126899825,0.7165711279890553
1.497694626688121,0.23223537999613048
2.160230987401537,0.709616596575579
1.0593239241041872,0.46388936556002597
2.5093385883047357,-0.06636519028648535
1.7790348268967118,-0.27395174978118164
2.0398633909597383,1.4832945739378878
2.157661760106253,1.3950405381199342
0.8753818218854709,1.174723794174403
3.185154905341387,0.7704502582719958
1.1415314936868475,1.3654993100163992
0.8320910537693731,1.216033873205568
2.4074654513901397,1.1980802559467325
1.8053726388727833,-0.7278435810133898
0.4109047653193233,1.1531994356160598
0.828130836678484,0.4279278092495148
-0.2653664149199597,0.6816635668964538
4.507972592628304,0.0940063909498183
2.702329006206678,0.16284792736040513
1.3792627583648798,0.10326583964408234
1.2626951828024133,1.2591889792638367
0.5962633067509986,-0.17052157006281488
0.6794058788563748,1.0784654524435862
2.6848003784747143,1.4863323196628524
2.393182630643062,0.7024871325592451
1.8674208675238342,0.13324181419406417
2.2931380022519945,2.0116627172286843
2.357996351228823,0.43574331477912037
2.656861859022947,-1.225170522497042
1.782174584439257,1.6915029981907783
2.122956293361053,1.020134622899143
2.8147407497433994,0.1362652419116657
1.7631950722705125,-0.2498034194059931
3.813192937223813,-0.2292103644525527
1.5221500473355902,1.2044660428279717
0.9866478783061245,0.8309474544170747
2.5249078292525406,0.85774937513865
1.9995388648822283,0.8721749559508287
1.6639076025653552,0.7326364276627528
1.1283606814391314,-0.5596510651390114
2.0211315327866295,1.5556015878612113
1.692979648333503,1.0133843033283456
2.3340750084140196,0.9916086659271878
1.8680951369961292,1.0688097097487006
1.8106134406948262,1.239823265019907
1.2177809149109529,0.5566580123077446
3.2419006012447147,0.3049810091032168
1.320912652522594,1.3365860924458768
2.174104789960507,-0.19409088268568242
1.4432722194263523,0.32153641267468475
-1.0197942613632063,0.364061838822325
3.522351833661957,-0.7421050507240213
1.4865148289497088,2.2749288216592785
2.7753113591096987,0.5885498356922709
1.5570391047734014,-0.38004927340475475
1.9807991420953888,0.8869663071524724
2.416947119973456,-0.38889858111968645
1.0368984606341003,1.620855524102325
0.7338884355021092,-0.3178416924705746
1.6234621723977014,1.4726625104720552
2.591730895608804,1.5842991134784865
1.6699896570790567,-0.11511615348703194
2.0071435203849894,-0.8498251878180645
1.5566120915882478,1.696901428949233
2.98853806184377,0.9846468848696603
1.751060675247424,1.8226139168189652
2.0965551970046987,1.214903083589388
2.0873977871319194,-0.23431138112220903
2.9322349233358818,-0.8427304565371739
3.135232774807261,-1.0920023642570942
2.307292299375734,-1.105906721491119
1.7174432539374778,-0.4188559025994659
-0.6559562719179408,0.06619778759881026
1.1841314076579421,-0.5502546415798538
2.790379464407497,0.14632380982758514
1.8399783730883121,1.0649826993163831
2.0391331594839266,1.5688364955333136
3.2129689030761646,-0.3687816752412483
1.0338465414001887,0.2787201371229432
2.6660822812466587,-0.6807844593605215
1.9697130385925508,0.9513705306822752
2.882390906044324,0.37103102011211075
2.4444662949483433,1.0590462602596495
2.0320354466195125,0.14724529277452547
1.1540573336731446,1.694750153803179
1.7766547599398441,-0.06826520683665058
1.6236963755378857,1.6269345218700895
2.9791085662653685,0.11910713447877072
0.19566491262111851,1.1617931337883844
1.7271133076603988,0.42151011771748637
1.9213866044493217,0.41523815755834803
0.49399145741979983,-0.40898118605786765
4.0377453843246425,1.1296773001803047
0.24632680986142533,-0.2429290360043565
2.337841983796117,0.9508438387660127
1.9714811321455064,-0.43730356032831846
1.5098254334026424,0.14870634625647472
1.6604339229184342,-0.9466326892630981
1.732872988939272,1.3927426870751964
1.3707076073954696,1.4090833952097697
2.828472099481801,0.5523835745241658
2.3799334429105263,0.05453573098736855
3.040454861044605,0.2582019420498738
1.5951399307425598,2.132919220276303
2.5144951911791265,0.7557637525436096
1.8419229054853798,2.1375528986368053
3.4593000912060927,-0.7239817843745271
-0.668875699638552,0.39729171305829536
1.8691224382381884,1.2754650748146683
0.8430699481482756,2.092580939546192
2.340367429696842,-0.24034709040534688
-0.4402167454978012,0.5404200328666724
2.307611283584025,-0.41310437262155886
1.7102056328631703,0.49027026686470493
1.1186697062300952,3.075968423669063
1.8378405413818875,0.35033346677424626
0.9140866857560943,0.3422281586394141
2.647533518089456,0.8130323135949774
2.0923258177882507,0.6061397310626743
1.9839289111439617,0.6417418727964321
2.876804132246365,-0.14416623424575656
3.5580745451189353,-0.037899174415828574
1.8532740272882744,0.7135068173719825
0.895935109430851,-0.12949298930124142
0.27970029165185417,1.0020671588504935
0.36094051593782983,2.478163716516742
1.742648914504505,2.815589240620992
2.944693081807691,2.235426462731418
1.6565848676335766,0.2781658931396827
2.6811145853214646,-0.2242282692325459
0.5869977280351115,1.5344677694564046
2.652377811413003,0.559789396875704
3.2451718803127236,1.9808329368339546
0.03517563488296335,0.47239310205903007
0.7375700960818854,2.871034023397857
2.495389846291184,1.7090118519596207
3.2414695423074082,-0.45503238751282116
2.5224180614995086,1.5767294950809543
1.1230757513916902,0.867969284011142
3.0190019851228316,0.13112759736158483
3.437202497930452,0.40596126529870713
0.9881617627339898,0.9700432803200938
3.6636283637644893,-0.49252613139000173
1.943170753187002,-0.5909912548575758
2.9172723556825786,0.9497379953654295
1.9380482731071242,2.501144542166792
1.1896490295667126,0.6056252309282063
1.7500525631049944,0.009521657633054098
2.9829088616003245,1.2159605336716561
1.6324293652727335,0.6237661615246748
1.630069037043194,1.9170039221134034
3.0888734323496183,0.18828224557992657
-0.21630108980280408,0.9327856382864465
2.4238607567787867,0.5946953297527889
1.9800456695143263,1.2505690959970104
2.6794735126586486,1.1538836694332324
3.240442472861132,0.9937014340649641
2.2187349814132133,0.9316084169527762
2.725404302840672,-0.29775235230419805
2.801853676435955,0.11874432075077573
2.1496792960236926,1.6463584285269142
2.7006236466568487,0.581559785155704
3.4107000298013292,-0.13004723863893827
1.385700551908775,0.5810076471749415
1.4222837280468568,-0.374993791968415
2.3398092164375863,1.6228993292654537
1.9227167662881974,0.9429894596150422
2.5013228606585614,-0.2188745396785978
2.0267469302290877,1.8119993642446466
2.856632235011628,0.4510716483760363
1.400563742420484,0.04072998386776272
2.0936246904730984,0.9412086807549125
1.9182101369945117,0.35349690477481444
1.4923339925585712,1.89805855444206
1.1160628359169276,-0.8348328639082879
0.2662708083579268,1.3744819504857655
0.3367958592432906,0.20359465722962766
2.886754911304009,1.3041672419018853
2.8201565614998647,1.0960165381643738
3.3258360304653953,-0.11466766989929669
2.3765008049999294,0.11465573225763054
2.6533597250068026,1.1719361429476383
2.67469494425817,2.8372079298919237
0.9985381316216478,0.42483830959980373
3.881637547348455,0.8271385502422103
1.9113669052733964,1.7351312932269853
1.3106996762995407,-0.13849994218763928
3.6729720462466817,1.2276770833379795
3.012062697765453,-0.5453515540708997
1.8422788221578432,2.279320383792955
3.078102288475263,-0.40993776138472243
2.584146590739312,-0.087899012643812
0.6092216453211965,1.1173585055174426
0.7451560052903816,0.16073280444823118
0.3117884817981288,1.8523912979536483
1.2797132605542938,0.7773009862509416
5.112511452661959,-0.5882534890442045
2.209010657243058,0.3999729659892787
1.9844016334241446,0.8605840465797585
2.165372753958698,0.8136541537944985
1.9396035004787606,0.6256911962433519
2.1186049757437804,1.0860729359310408
2.8406898133345564,-0.5538479895022652
0.6487616822436565,1.0584828980746295
-0.13382939936213978,0.14848616658461253
1.8274124182683524,-0.7066233715635473
0.5557264636160921,1.0907365277145864
0.11822835602251086,1.2782679741462653
1.7886584117562123,2.6485630681723458
1.2614169076188528,1.24504815603408
-0.23631247165148972,0.7736493618243065
2.941543599574233,0.4189346955831938
3.569166857415624,-0.08634665796521043
2.743278978662009,0.4246310869276751
2.1307147104900275,0.8830828694449719
0.8688123880421145,0.5595461834630229
3.8189855174180143,0.18113439489657115
2.5500523291656108,0.11964951633116061
0.6697988778902743,1.9200894866376967
3.456817496151407,-0.03428613673889247
2.94827224559421,0.529399924916979
2.0481434245926535,2.6346632003093147
0.9502843018358242,1.5581114720339648
1.6833788744833238,0.6168533837184909
2.8088289999667526,1.2471910607819228
2.104757218356089,-0.3881491853662544
1.4993059705734342,1.263550764047562
1.00377052694295,1.6982769269839235
1.4847640379564222,0.5937474748126115
1.6945374645902351,0.9050493935484669
1.9506435736965089,0.6099745261232171
2.6882915086126467,0.27442269657872786
0.9096741332626501,1.2869855715748335
1.2267420557460593,-0.35405657870626395
0.5310632989111962,2.126977522992263
2.569495601375349,1.0982706523488392
2.258668963213291,-0.3533020417738252
1.3741696393178355,1.6332283321469867
1.6889182467879718,0.7533448295704139
1.1658955860233355,1.3973300507738067
2.6434711206798434,1.667730779633462
1.717924797317915,0.03225962940717267
1.2841632575142794,1.793670422641245
1.9931851556655327,1.71165089313067
3.507226950798277,-0.41442740250996724
1.717359860250673,1.5362941720362657
1.6558081618846718,-0.12778578696647155
1.0132042374386578,2.273801024606225
1.2456678645306758,0.23505052554277928
2.3078326843038033,0.8068858775339305
3.2706964024056275,0.647301031803852
1.928343574086224,1.8556183697509436
2.2869988582334106,1.5202473796268192
3.3499915450198663,-0.15254705358747622
1.6641189892956911,0.12672716975260997
0.8128365848452286,0.8192246180435181
1.9359602372914495,1.9899280096691612
2.2743985011156966,1.1807199987824368
2.1034288406414388,0.3623426914522637
0.9869620779793433,-0.14172171278143825
2.750606808232144,0.5519110109391046
3.0658933221620983,1.194572918217119
2.982750486603126,0.0139085188662888
3.446993217906127,0.20153730235215536
2.0566747377539123,0.3445762697238335
3.1367901814994728,0.3688086396130469
1.522862465013447,0.11745402582620315
1.8198243903342668,1.8041349668521203
2.729662193369642,2.3271112880509324
2.1736262460815947,0.24193521357776665
1.4777282609999387,1.8346205837360046
2.288483384782156,1.1201168610486187
1.925146551197441,0.41587722774850955
2.72032653250174,0.6653203616420313
-0.05164597959897571,1.2975800263778987
2.3490586487829987,1.653318792724219
2.1873775813096894,2.491565395671906
-0.609170427949509,1.0931316160719629
2.1043175494897737,0.4125487808212633
-0.10977298272518907,-0.13021574689757384
1.0892502835957039,1.7699040656795
2.5269414247430273,0.7628308219709217
0.16558974853930208,1.2171185209643296
2.6128837956419715,0.10212499829901564
3.174057278834188,-0.21874106990934783
1.0819855224548474,0.8519207023211282
1.5143959282690447,1.816132498762029
1.8477656903485316,0.5396910346009378
1.822623180980528,0.5246624364643148
1.1157596519852118,1.0646920290108033
1.607890750526237,0.7547754712288156
1.2746977118738692,-0.7502723397407596
1.843011833300566,2.061814576049046
1.1951623975150678,1.9985001360648063
1.691087759824466,-0.31913528336461394
2.407030080310783,0.7407210623239534
2.6105048418939827,0.5138162545562298
0.19378974346346556,2.1031820305386835
3.6287172741101483,0.13772241294038035
1.3182913927518323,0.44113310304146824
1.4903531352857164,0.5391020517380898
1.4598556671148981,1.4376561056532726
4.034699643063841,-1.553073477711749
2.6052400070216044,1.2883764477836241
-0.20994209617243714,1.2663183674402876
0.43983120465865067,0.13525727459135148
1.2685381062247993,1.8693427803672558
2.8429586666340807,1.042613822496708
1.6441645849333115,0.5662481392168385
2.1034704989368826,1.5677808068835626
1.5011672101749953,1.379290235441289
2.0354503780198803,0.8546858831012514
1.5021595861268597,3.1484677085696453
2.3258557419647827,0.7309642463740308
0.6488947982288628,0.5354422977259077
0.4759753961231843,1.5606517162452684
0.9037659826273546,0.9811091284391338
2.1578334745400976,1.5358373354508972
2.625219175795415,-0.9358101838999745
1.4455493722403012,1.6076524704659443
2.585231289415439,1.543941953361512
0.24260443607102347,0.6222014947804555
2.3185456624902137,0.7935859667410262
2.496647373946878,0.22728831051339535
2.650011427888873,0.8175534512960116
1.3674434779757814,0.5805857168757755
0.8396673415390653,1.4887661465159228
2.5598959603452225,0.20613790034359827
1.6766095800985723,0.9425153985391121
1.3530168781899068,1.532760067686046
0.5303613377872989,1.0166930837709371
0.7192768192008953,1.5693750442772505
0.9886030489332385,0.2978185532134421
1.3428734291341198,0.06876496155811124
3.9641473435192522,0.7685577355889199
1.3425179521757722,0.9773181603235724
0.8476985187831299,0.9112879598225425
0.7214088716614435,0.6635586647486327
2.747234108510295,0.3064351145658013
2.720435547534281,-0.14734397045967768
2.7156266579831576,0.4762694547743432
0.9310926911359165,2.0203672096257375
3.0352035271550273,1.6272026666727488
2.4407934320279,1.5856343384745355
2.5277763313114257,0.4857544869260353
1.255955526016154,1.231546214206039
1.1777737759437037,0.40490530514295936
2.183889623974126,-0.903043976717096
2.146448700136147,1.387697269314924
2.512198011077988,1.6458150573801678
1.894937019862096,2.0844926162279496
2.171910728529062,1.5186502756326388
-0.22094007364924229,0.7654500807377167
1.4516349191767988,1.3567609792885793
1.3195055089722705,0.21595705701884446
1.6166773330496043,0.7403078945376742
2.220540853140507,0.13327081221585838
2.7955571328322826,0.4051127734823641
0.34821873799106495,1.460909831067623
2.163422377105819,2.7100082971304973
2.1479128794405633,0.16472058653324156
1.3388525503040907,0.30578275236558194
2.1806551085438697,0.37847341766288
2.005796014104654,0.7226713037425996
3.2073980030473335,-0.4846545632081457
1.8473580362035156,1.214791706714151
-0.2180969625586046,1.1958722591128388
2.0295184476731203,1.6480210636403898
2.8731146131852197,-0.17635223660829868
1.864578825625647,1.4744787339446563
3.061643026251726,0.5283393179228595
1.5831845121484194,-0.14556167162543543
0.4731315383971195,0.7221791602448131
0.8577467520299954,0.3549638365903843
2.3458204921365557,0.8050326028942123
2.467909175644128,0.9012165551651352
2.2701391476659607,0.010577064591022617
0.3074540879405632,2.1287830811876662
1.4205082050391393,2.230165395317947
1.7302381742388047,-0.36014528720822864
2.139800612260203,0.6493387600259797
0.901957738875464,1.621260787733527
1.7614305658017317,0.2548826118270259
2.6573780134024156,1.1902206518558938
1.6252630019432626,0.477137675680004
2.4961835181035683,1.1734352976294402
0.4472061686145091,1.9198603727599794
2.1513991099883145,0.6235819775980512
2.217282505346941,0.6026594807134994
2.6858781985350917,0.46032200547996976
1.7732603928393647,1.0986037200220586
2.1239999322425733,-0.8847538506153857
2.0305811996928504,2.055666679814367
0.961647235096072,-0.029837147645592893
2.0871428460693777,-0.9315390076467222
2.9810407113049346,1.6550915014467489
2.446806659378853,0.12911399338986843
2.278963137264235,1.5972533941153415
1.310062180919041,0.6905720918969807
1.5279290825600935,1.9084262250686053
3.1609350637738642,0.8501382301464279
3.311743104940993,0.28969886593479266
2.678292127281313,-0.7854458580113854
1.417790262238431,1.0631893764589728
0.333635610724653,0.6871494392201604
1.2906029231305696,0.3528309049440924
1.195440035505828,2.276389237483598
2.541616009580024,-0.13449741373074628
2.3752650836997695,1.5246231636777372
2.0817019645246586,0.7139649842769831
3.0102325478013334,0.9312368504441803
2.382069023857509,1.8592731349739995
1.793482818224342,0.9256096456176505
3.576705148060181,0.9926795894580496
1.1916265731893951,1.1361547220641532
3.153626706683023,1.0167921225639178
