run,coverage_error
real,4.004976646102172
shuffle_0,6.776716410720969
shuffle_1,6.696890725815178
shuffle_2,6.67582098773153
shuffle_3,6.785396061322162
shuffle_4,6.7257612196576835
shuffle_5,6.878365831324397
shuffle_6,6.810143439787203
shuffle_7,6.699545978164291
shuffle_8,6.743711449652527
shuffle_9,6.60218749363427
shuffle_10,6.7105805074574905
shuffle_11,6.744422405498239
shuffle_12,6.793986304776767
shuffle_13,6.763071280282279
shuffle_14,6.846799578748682
shuffle_15,6.738463338930936
shuffle_16,6.772934867384389
shuffle_17,6.762352352423442
shuffle_18,6.869964222771184
shuffle_19,6.711313022852826
